split,date,experiment,seed,loss,n_epochs,batch_size,im_size,detector,ID_accuracy,l1_AUROC,l2_AUROC,l3_AUROC,all_AUROC,l1_FPR95TPR,l2_FPR95TPR,l3_FPR95TPR,all_FPR95TPR,dogs_AUROC,places_AUROC,cars_AUROC,cfg_AUROC,dogs_FPR95TPR,places_FPR95TPR,cars_FPR95TPR,cfg_FPR95TPR
split1,2022-08-22,5,1000000,vanilla,100,20,big,Softmax,0.908883826879271,0.91646409034729,0.8302504420280457,0.7917376756668091,0.853924036026001,0.2634775936603546,0.5436598062515259,0.5246772766113281,0.4650721251964569,0.9884794354438782,0.9308298826217651,0.5543086528778076,0.824539303779602,0.04380952566862106,0.4452380836009979,0.9119047522544861,0.7642857432365417
split1,2022-08-22,1,1000001,vanilla,100,20,big,Softmax,0.9229309035687167,0.916496753692627,0.8325823545455933,0.7867236733436584,0.8536310195922852,0.21829916536808014,0.6514806151390076,0.5858010649681091,0.5387243628501892,0.98136305809021,0.9465009570121765,0.6327350735664368,0.8535330295562744,0.10428571701049805,0.33523809909820557,0.7952380776405334,0.6695238351821899
split1,2022-08-22,2,1000002,vanilla,100,20,big,Softmax,0.9259681093394077,0.9193413257598877,0.8257105946540833,0.8063355684280396,0.856766402721405,0.202353835105896,0.6886864304542542,0.5941534042358398,0.5406226515769958,0.9774019122123718,0.943095326423645,0.5574169754981995,0.8259714245796204,0.11952380836009979,0.3742857277393341,0.915238082408905,0.7895237803459167
split1,2022-08-22,3,1000003,vanilla,100,20,big,Softmax,0.922171602126044,0.9210190176963806,0.8320819139480591,0.8033645153045654,0.8591252565383911,0.21260440349578857,0.5899772047996521,0.5353075265884399,0.48025816679000854,0.9751227498054504,0.9405761957168579,0.4697963297367096,0.7951651811599731,0.1371428519487381,0.36047619581222534,0.9685714244842529,0.8809523582458496
split1,2022-08-22,4,1000004,vanilla,100,20,big,Softmax,0.9248291571753985,0.9218524694442749,0.8432289361953735,0.8308675289154053,0.8702375888824463,0.2224753201007843,0.587699294090271,0.48785117268562317,0.43052393198013306,0.9872764348983765,0.9391235709190369,0.5097959041595459,0.8120653033256531,0.04857143014669418,0.40142858028411865,0.9314285516738892,0.8328571319580078
split1,2022-08-23,1,1000000,oe,100,20,big,Softmax,0.9104024297646166,0.9109265804290771,0.8243277072906494,0.7297133803367615,0.8347905874252319,0.2877752482891083,0.5964312553405762,0.7615793347358704,0.5527714490890503,0.9999995827674866,0.9999995231628418,0.999829888343811,0.9999430179595947,0.0,0.0,0.0009523809421807528,0.0
split1,2022-08-23,2,1000001,oe,100,20,big,Softmax,0.9107820804859529,0.9083432555198669,0.8291121125221252,0.7846416234970093,0.8487071394920349,0.28473803400993347,0.5914958119392395,0.5933941006660461,0.4977220892906189,0.9999999403953552,0.9999984502792358,0.9998825788497925,0.9999603033065796,0.0,0.0,0.0004761904710903764,0.0
split1,2022-08-23,3,1000002,oe,100,20,big,Softmax,0.9191343963553531,0.9205091595649719,0.8490366339683533,0.7887585163116455,0.8619123101234436,0.25398632884025574,0.5231586694717407,0.5880789756774902,0.47000759840011597,0.9999996423721313,0.9999998807907104,0.9998876452445984,0.9999624490737915,0.0,0.0,0.0004761904710903764,0.0
split1,2022-08-23,4,1000003,oe,100,20,big,Softmax,0.9100227790432803,0.9102553129196167,0.8414296507835388,0.7673884034156799,0.8500201106071472,0.24829156696796417,0.5842824578285217,0.6279422640800476,0.5136674046516418,0.9999998807907104,0.9999999403953552,0.9998489618301392,0.99994957447052,0.0,0.0,0.0014285714132711291,0.0
split1,2022-08-23,5,1000004,oe,100,20,big,Softmax,0.9126803340926348,0.9177175164222717,0.8543087840080261,0.7241328954696655,0.8474702835083008,0.21753986179828644,0.4567198157310486,0.7460136413574219,0.5345482230186462,1.0,1.0,0.9998602271080017,0.9999533891677856,0.0,0.0,0.0009523809421807528,0.0
split1,2022-08-23,1,1000000,oe,100,20,big,softmax_temp,0.9104024297646166,0.9386674165725708,0.7918517589569092,0.6365076303482056,0.8107948303222656,0.19286257028579712,0.8006833791732788,0.922930896282196,0.8006833791732788,0.9999996423721313,0.9999995827674866,0.9998432397842407,0.9999474287033081,0.0,0.0,0.0009523809421807528,0.0
split1,2022-08-23,2,1000001,oe,100,20,big,softmax_temp,0.9107820804859529,0.93271803855896,0.7947015166282654,0.6930896043777466,0.8230860233306885,0.23386484384536743,0.7668944597244263,0.8667426109313965,0.7331055402755737,1.0,0.9999985098838806,0.9998855590820312,0.9999613761901855,0.0,0.0,0.0004761904710903764,0.0
split1,2022-08-23,3,1000002,oe,100,20,big,softmax_temp,0.9191343963553531,0.944929301738739,0.8188973665237427,0.6098603010177612,0.8171387910842896,0.2015945315361023,0.6936218738555908,0.9077448844909668,0.7551252841949463,0.9999997615814209,1.0,0.9998959898948669,0.9999651908874512,0.0,0.0,0.0004761904710903764,0.0
split1,2022-08-23,4,1000003,oe,100,20,big,softmax_temp,0.9100227790432803,0.9283447265625,0.7945381999015808,0.6973860859870911,0.8223806619644165,0.2589218020439148,0.7661351561546326,0.8572513461112976,0.7251328825950623,1.0,0.9999999403953552,0.9998572468757629,0.9999524354934692,0.0,0.0,0.0009523809421807528,0.0
split1,2022-08-23,5,1000004,oe,100,20,big,softmax_temp,0.9126803340926348,0.9334731101989746,0.8486745357513428,0.6285196542739868,0.8285609483718872,0.24221715331077576,0.6040242910385132,0.8986332416534424,0.7019742131233215,0.9999999403953552,0.9999999403953552,0.9998759031295776,0.9999586343765259,0.0,0.0,0.0009523809421807528,0.0
split1,2022-08-23,1,1000000,energy,100,20,big,Softmax,0.9081245254365984,0.9154515862464905,0.803558349609375,0.7713860869407654,0.8385242223739624,0.24829156696796417,0.6275626420974731,0.660592257976532,0.5455580949783325,0.9945029616355896,0.9821173548698425,0.7805582284927368,0.9190594553947449,0.02380952425301075,0.09047619253396988,0.799047589302063,0.5985714197158813
split1,2022-08-23,2,1000001,energy,100,20,big,Softmax,0.9073652239939256,0.9153649806976318,0.8199643492698669,0.7648922204971313,0.8431950807571411,0.2425968050956726,0.5106302499771118,0.6514806151390076,0.5003796219825745,0.9980507493019104,0.9847102165222168,0.7921268343925476,0.9249626994132996,0.0057142856530845165,0.08047618716955185,0.7080952525138855,0.4985714256763458
split1,2022-08-23,3,1000002,energy,100,20,big,Softmax,0.9107820804859529,0.923410177230835,0.826300323009491,0.7669111490249634,0.8491542935371399,0.22741077840328217,0.591116189956665,0.6450265645980835,0.5208808183670044,0.9989559650421143,0.990437388420105,0.861053466796875,0.9501489400863647,0.004761904943734407,0.044285714626312256,0.6152380704879761,0.35428571701049805
split1,2022-08-24,5,1000000,cutmix,100,20,big,Softmax,0.9347000759301443,0.9439929723739624,0.8863622546195984,0.8042578101158142,0.888768196105957,0.13743355870246887,0.37965071201324463,0.5410022735595703,0.4107820689678192,0.9999792575836182,0.9997069835662842,0.9805080890655518,0.993398129940033,0.0,0.0004761904710903764,0.13285714387893677,0.009523809887468815
split1,2022-08-24,1,1000001,cutmix,100,20,big,Softmax,0.9388762338648443,0.9432858824729919,0.8538544178009033,0.7928682565689087,0.873403012752533,0.14996203780174255,0.5732725858688354,0.6662870049476624,0.534168541431427,0.9998863935470581,0.9994310140609741,0.9782681465148926,0.9925285577774048,0.0,0.0004761904710903764,0.15380951762199402,0.020476190373301506
split1,2022-08-24,2,1000002,cutmix,100,20,big,Softmax,0.9373576309794989,0.956234335899353,0.8833469152450562,0.8084145188331604,0.8932725191116333,0.1108580082654953,0.425588458776474,0.5895975828170776,0.4179954528808594,0.99998939037323,0.999687135219574,0.9769830703735352,0.9922199249267578,0.0,0.0,0.15238095819950104,0.016190476715564728
split1,2022-08-24,3,1000003,cutmix,100,20,big,Softmax,0.9347000759301443,0.9463980793952942,0.8781221508979797,0.7939817905426025,0.8840986490249634,0.14160971343517303,0.43849658966064453,0.6108580231666565,0.4160971939563751,0.9999852180480957,0.9992812275886536,0.9718105792999268,0.9903589487075806,0.0,0.0,0.1899999976158142,0.03285714238882065
split1,2022-08-25,5,1000001,ternary,100,20,big,Softmax,0.9388762338648443,0.9467921853065491,0.8307498097419739,0.8375098705291748,0.8765660524368286,0.1473044753074646,0.6123766303062439,0.38268792629241943,0.4589977264404297,0.9861181378364563,0.9836235046386719,0.8992407917976379,0.9563273787498474,0.07285714149475098,0.08571428805589676,0.5166666507720947,0.2866666615009308
split1,2022-08-25,1,10000002,ternary,100,20,big,Softmax,0.9365983295368261,0.9473006725311279,0.875257134437561,0.7838808298110962,0.8809460401535034,0.13781321048736572,0.42293089628219604,0.6032649874687195,0.48936977982521057,0.93636554479599,0.9555259346961975,0.9315734505653381,0.9411550164222717,0.32380953431129456,0.25952380895614624,0.4399999976158142,0.3452380895614624
split1,2022-08-25,2,10000003,ternary,100,20,big,Softmax,0.9388762338648443,0.9478203058242798,0.8439837098121643,0.8309881687164307,0.8804463744163513,0.12376613169908524,0.5914958119392395,0.45937737822532654,0.46772968769073486,0.997464656829834,0.9960904121398926,0.9405254125595093,0.978026807308197,0.006666666828095913,0.011904762126505375,0.3742857277393341,0.13809524476528168
split1,2022-08-26,1,100004,ternary,100,20,big,Softmax,0.9403948367501899,0.9410350322723389,0.8461705446243286,0.7880291938781738,0.8684662580490112,0.15679575502872467,0.5364464521408081,0.5220197439193726,0.49810174107551575,0.9313639402389526,0.9686243534088135,0.9039843082427979,0.9346575140953064,0.27714285254478455,0.17952381074428558,0.5414285659790039,0.3442857265472412
split1,2022-08-26,1,100005,ternary,100,20,big,Softmax,0.9369779802581625,0.9498334527015686,0.8792012929916382,0.8259361982345581,0.8934266567230225,0.1332574039697647,0.4031890630722046,0.4521639943122864,0.3845861852169037,0.9974165558815002,0.9966568350791931,0.9445928931236267,0.9795554876327515,0.006666666828095913,0.006666666828095913,0.3685714304447174,0.11857143044471741
split1,2022-09-02,1,1000000,quad,100,20,big,Softmax,0.9331814730447988,0.9440458416938782,0.7804200053215027,0.8130801916122437,0.8505299091339111,0.15451784431934357,0.8067578077316284,0.4753226935863495,0.6727410554885864,0.999813437461853,0.9995640516281128,0.9801902770996094,0.99318927526474,0.0,0.0,0.130952388048172,0.016190476715564728
split1,2022-09-02,2,1000001,quad,100,20,big,Softmax,0.9358390280941534,0.9489222764968872,0.8788352012634277,0.7560585141181946,0.8763024210929871,0.13819286227226257,0.4552012085914612,0.8059985041618347,0.4931662976741791,0.9999410510063171,0.9998530149459839,0.9883314967155457,0.9960418939590454,0.0,0.0,0.05999999865889549,0.012857142835855484
split1,2022-09-02,3,1000002,quad,100,20,big,Softmax,0.9384965831435079,0.9443168640136719,0.8774302005767822,0.8147251605987549,0.8879810571670532,0.1457858830690384,0.4753226935863495,0.5212604403495789,0.45064541697502136,0.9998530149459839,0.9993072748184204,0.9803690314292908,0.9931764006614685,0.0,0.0,0.12333333492279053,0.019999999552965164
split1,2022-09-02,4,1000003,quad,100,20,big,Softmax,0.9347000759301443,0.9444888830184937,0.8907228112220764,0.8056002259254456,0.890937864780426,0.16021260619163513,0.34700074791908264,0.6032649874687195,0.40508732199668884,0.9975631237030029,0.9988364577293396,0.9736261963844299,0.9900085926055908,0.005238095298409462,0.0009523809421807528,0.1604761928319931,0.04333333298563957
split1,2022-09-02,5,1000004,quad,100,20,big,Softmax,0.9373576309794989,0.9406386613845825,0.8341823220252991,0.7633007168769836,0.8578605055809021,0.1666666716337204,0.5736522674560547,0.6169324517250061,0.5592254996299744,0.9999575018882751,0.9996349811553955,0.9801349639892578,0.9932425022125244,0.0,0.0,0.12428571283817291,0.014761905185878277
split2,2022-09-08,1,1000000,energy,100,20,big,NegativeEnergy,0.9103525881470368,0.8398482799530029,0.827336847782135,0.6711928844451904,0.8017382621765137,0.5326331853866577,0.6031507849693298,0.8578394651412964,0.6759189963340759,0.9415457844734192,0.9047356843948364,0.5899655222892761,0.8120822906494141,0.16349999606609344,0.28999999165534973,0.9319999814033508,0.7804999947547913
split2,2022-09-06,2,1000001,energy,100,20,big,NegativeEnergy,0.9107276819204801,0.8743207454681396,0.8098022937774658,0.6183664798736572,0.8005484342575073,0.4054763615131378,0.746436595916748,0.8477119207382202,0.7239309549331665,0.9696359634399414,0.928394079208374,0.5642279982566833,0.8207526803016663,0.10199999809265137,0.29649999737739563,0.9279999732971191,0.7985000014305115
split2,2022-09-06,3,1000002,energy,100,20,big,NegativeEnergy,0.9009752438109527,0.7704657316207886,0.8270822167396545,0.5733964443206787,0.7508676052093506,0.6804201006889343,0.6492873430252075,0.9324831366539001,0.7936984300613403,0.9716430306434631,0.9217832088470459,0.6204520463943481,0.8379594087600708,0.09300000220537186,0.3005000054836273,0.8324999809265137,0.6679999828338623
split2,2022-09-06,4,1000003,energy,100,20,big,NegativeEnergy,0.9077269317329333,0.8399053812026978,0.8346028923988342,0.6610249876976013,0.8022733926773071,0.478994756937027,0.7108026742935181,0.7906976938247681,0.6811702847480774,0.9507355690002441,0.8883615136146545,0.5476080775260925,0.7955683469772339,0.15850000083446503,0.39899998903274536,0.9539999961853027,0.8389999866485596
split2,2022-09-06,5,1000004,energy,100,20,big,NegativeEnergy,0.9144786196549137,0.8546012043952942,0.8058458566665649,0.5747383832931519,0.7815641760826111,0.44486120343208313,0.7284321188926697,0.9242310523986816,0.759939968585968,0.95269376039505,0.8992568254470825,0.4846631586551666,0.7788711786270142,0.12800000607967377,0.3160000145435333,0.9589999914169312,0.8600000143051147
split2,2022-09-07,1,1000000,oe,100,20,big,Softmax,0.9103525881470368,0.8670186996459961,0.8805146813392639,0.7468679547309875,0.8477121591567993,0.35858964920043945,0.39459866285324097,0.6646661758422852,0.4684921205043793,1.0,0.9999997615814209,0.999901294708252,0.9999670386314392,0.0,0.0,0.0005000000237487257,0.0
split2,2022-09-07,2,1000001,oe,100,20,big,Softmax,0.9073518379594899,0.8597395420074463,0.870760440826416,0.743816614151001,0.8404122591018677,0.3810952603816986,0.4261065125465393,0.7119280099868774,0.5273818373680115,1.0,1.0,0.9999597668647766,0.9999865889549255,0.0,0.0,0.0,0.0
split2,2022-09-07,3,1000002,oe,100,20,big,Softmax,0.9096024006001501,0.8799214363098145,0.882846474647522,0.7564534544944763,0.85625159740448,0.3015753924846649,0.35258814692497253,0.663165807723999,0.4321080148220062,0.9999999403953552,0.9999985098838806,0.9999304413795471,0.9999763369560242,0.0,0.0,0.0,0.0
split2,2022-09-07,4,1000003,oe,100,20,big,Softmax,0.9069767441860465,0.869184136390686,0.8794510364532471,0.7511284947395325,0.8491663932800293,0.35371342301368713,0.40247562527656555,0.732183039188385,0.4906226694583893,1.0,0.9999997615814209,0.9999107718467712,0.9999701976776123,0.0,0.0,0.0005000000237487257,0.0
split2,2022-09-07,5,1000004,oe,100,20,big,Softmax,0.9092273068267067,0.8768565058708191,0.8902233242988586,0.7733186483383179,0.8608272671699524,0.3323330879211426,0.33533382415771484,0.6342835426330566,0.41185295581817627,0.9999999403953552,1.0,0.9999467134475708,0.9999821782112122,0.0,0.0,0.0,0.0
split2,2022-09-07,1,1000000,vanilla,100,20,big,Softmax,0.9208552138034508,0.912105917930603,0.88763427734375,0.7489684820175171,0.8709133267402649,0.22918230295181274,0.3893473446369171,0.7025506496429443,0.44973742961883545,0.9664210081100464,0.8969231843948364,0.5777395963668823,0.8136945962905884,0.2540000081062317,0.5795000195503235,0.8669999837875366,0.7730000019073486
split2,2022-09-07,2,1000001,vanilla,100,20,big,Softmax,0.9197299324831207,0.9016254544258118,0.9024469256401062,0.7890360355377197,0.879395067691803,0.2726931869983673,0.3120780289173126,0.6234058737754822,0.3923480808734894,0.9721943736076355,0.9117946624755859,0.6247098445892334,0.8362329602241516,0.20100000500679016,0.5260000228881836,0.8274999856948853,0.7285000085830688
split2,2022-09-07,3,1000002,vanilla,100,20,big,Softmax,0.9216054013503376,0.9046418070793152,0.896774411201477,0.7494233250617981,0.8708444833755493,0.25356340408325195,0.3870967626571655,0.7509377598762512,0.45348837971687317,0.9778571128845215,0.9178471565246582,0.5587780475616455,0.8181607723236084,0.125,0.5090000033378601,0.890500009059906,0.7894999980926514
split2,2022-09-07,4,1000003,vanilla,100,20,big,Softmax,0.9249812453113279,0.915658712387085,0.8896830677986145,0.7508171796798706,0.8735989332199097,0.2299324870109558,0.44186046719551086,0.7888222336769104,0.5015003681182861,0.9885344505310059,0.9452560544013977,0.6375856995582581,0.8571253418922424,0.03700000047683716,0.3824999928474426,0.8109999895095825,0.6794999837875366
split2,2022-09-07,5,1000004,vanilla,100,20,big,Softmax,0.918979744936234,0.8999760150909424,0.8952692747116089,0.766224205493927,0.8715782165527344,0.2483120709657669,0.3855963945388794,0.5993998646736145,0.4283570945262909,0.9755384922027588,0.9159244894981384,0.5631777048110962,0.8182135820388794,0.15150000154972076,0.5184999704360962,0.9139999747276306,0.8009999990463257
split2,2022-09-08,1,1000000,cutmix,100,20,big,Softmax,0.9268567141785446,0.9605964422225952,0.8772371411323547,0.7749441862106323,0.8942902088165283,0.10352588444948196,0.4778694808483124,0.6942985653877258,0.4733683466911316,0.9999687075614929,0.9996860027313232,0.9823994636535645,0.9940181374549866,0.0,0.0,0.10949999839067459,0.012500000186264515
split2,2022-09-08,2,1000001,cutmix,100,20,big,Softmax,0.9283570892723181,0.9654120206832886,0.8695937991142273,0.7483453750610352,0.8884623050689697,0.09977494180202484,0.5487622022628784,0.7989497184753418,0.5873968601226807,0.9999243021011353,0.9996157288551331,0.9890819191932678,0.9962074160575867,0.0,0.0,0.05050000175833702,0.001500000013038516
split2,2022-09-08,3,1000002,cutmix,100,20,big,Softmax,0.9283570892723181,0.9615387320518494,0.8676744103431702,0.7776795029640198,0.8919143676757812,0.11215303838253021,0.505626380443573,0.569767415523529,0.4594898819923401,0.9999994039535522,0.9996362924575806,0.9690456986427307,0.989560604095459,0.0,0.0,0.2290000021457672,0.02500000037252903
split2,2022-09-08,4,1000003,cutmix,100,20,big,Softmax,0.9268567141785446,0.964729905128479,0.8946194648742676,0.7822463512420654,0.9036945700645447,0.10690172761678696,0.3855963945388794,0.6875469088554382,0.4249812364578247,0.9991428256034851,0.9963757991790771,0.9737933874130249,0.9897706508636475,0.0,0.0,0.1889999955892563,0.03700000047683716
split2,2022-09-08,5,1000004,cutmix,100,20,big,Softmax,0.9317329332333083,0.9601374864578247,0.8909693956375122,0.7628178596496582,0.8964646458625793,0.11515378952026367,0.408852219581604,0.6762940883636475,0.4677419364452362,0.9999943375587463,0.9994928240776062,0.9484280347824097,0.9826383590698242,0.0,0.0,0.39100000262260437,0.0729999989271164
split2,2022-09-08,1,1000000,oe,100,20,big,softmax_temp,0.9103525881470368,0.8459640145301819,0.8511509895324707,0.6177653670310974,0.8021396994590759,0.4388597011566162,0.4849962592124939,0.8593398332595825,0.6282820701599121,0.9999999403953552,1.0,0.9999517202377319,0.9999839067459106,0.0,0.0,0.0005000000237487257,0.0
split2,2022-09-08,2,1000001,oe,100,20,big,softmax_temp,0.9073518379594899,0.8343538045883179,0.8376427888870239,0.602764904499054,0.7891871333122253,0.5153788328170776,0.563390851020813,0.8222055435180664,0.6890472769737244,0.9999999403953552,0.9999997615814209,0.9999638795852661,0.9999879598617554,0.0,0.0,0.0,0.0
split2,2022-09-08,3,1000002,oe,100,20,big,softmax_temp,0.9096024006001501,0.833763062953949,0.8615610003471375,0.6172304153442383,0.8001857399940491,0.5011252760887146,0.4456114172935486,0.8428357243537903,0.6672918200492859,0.9999999403953552,0.9999999403953552,0.9999397397041321,0.9999799132347107,0.0,0.0,0.0,0.0
split2,2022-09-08,4,1000003,oe,100,20,big,softmax_temp,0.9069767441860465,0.8614975214004517,0.8456291556358337,0.6462148427963257,0.8128870725631714,0.4238559603691101,0.4954988658428192,0.8083270788192749,0.6117779612541199,0.9999998807907104,0.9999995231628418,0.9999241828918457,0.9999745488166809,0.0,0.0,0.0005000000237487257,0.0
split2,2022-09-08,5,1000004,oe,100,20,big,softmax_temp,0.9092273068267067,0.8401146531105042,0.8358887434005737,0.6166856288909912,0.7939497828483582,0.45573893189430237,0.5806451439857483,0.8439610004425049,0.6676669120788574,0.9999999403953552,1.0,0.99996018409729,0.9999867677688599,0.0,0.0,0.0,0.0
split3,2022-09-12,1,1000000,energy,100,20,big,NegativeEnergy,0.8995767602924202,0.888927698135376,0.8370305299758911,0.6413171887397766,0.8025258779525757,0.4409388303756714,0.6317814588546753,0.9726818203926086,0.8272412419319153,0.9525388479232788,0.8915734887123108,0.5661706328392029,0.8034276962280273,0.14772726595401764,0.3700000047683716,0.8313636183738708,0.7109090685844421
split3,2022-09-08,2,1000001,energy,100,20,big,NegativeEnergy,0.9003462870334744,0.8974230289459229,0.8241241574287415,0.6466884016990662,0.8023867607116699,0.389380544424057,0.7068102955818176,0.9476721882820129,0.826471745967865,0.9457385540008545,0.915073573589325,0.5994735956192017,0.8200953006744385,0.16818182170391083,0.27954545617103577,0.8259090781211853,0.6909090876579285
split3,2022-09-08,3,1000002,energy,100,20,big,NegativeEnergy,0.9007310504040016,0.8380237221717834,0.8199822306632996,0.6475933194160461,0.7795276641845703,0.5817621946334839,0.726048469543457,0.9649865627288818,0.8557137250900269,0.9484463930130005,0.9091958999633789,0.5632259845733643,0.8069560527801514,0.13863636553287506,0.34227272868156433,0.8727272748947144,0.7613636255264282
split3,2022-09-08,4,1000003,energy,100,20,big,NegativeEnergy,0.8984224701808388,0.9065133333206177,0.8455579280853271,0.6702975630760193,0.8199252486228943,0.3251250386238098,0.608310878276825,0.9018853306770325,0.7433628439903259,0.9329280853271484,0.8638996481895447,0.5284577012062073,0.7750951051712036,0.22545453906059265,0.4713636338710785,0.8886363506317139,0.7845454812049866
split3,2022-09-08,5,1000004,energy,100,20,big,NegativeEnergy,0.9038091573682185,0.9052991271018982,0.8396970629692078,0.6095786690711975,0.8007928133010864,0.3555213510990143,0.6290881037712097,0.9495959877967834,0.8080030679702759,0.9332641959190369,0.8587622046470642,0.43555760383605957,0.7425280213356018,0.19863636791706085,0.47409090399742126,0.9118182063102722,0.8445454835891724
split3,2022-09-09,1,1000000,oe,100,20,big,Softmax,0.9041939207387457,0.8876397013664246,0.8721640110015869,0.7125759124755859,0.8342674970626831,0.3089649975299835,0.36590996384620667,0.861100435256958,0.5894575119018555,1.0,0.9999997615814209,0.9998936653137207,0.9999644160270691,0.0,0.0,0.0009090909152291715,0.0
split3,2022-09-09,2,1000001,oe,100,20,big,Softmax,0.9088110811850711,0.8810248374938965,0.8829440474510193,0.7079727053642273,0.8345266580581665,0.3439784646034241,0.3682185411453247,0.8553289771080017,0.6356291174888611,1.0,1.0,0.999931812286377,0.9999772310256958,0.0,0.0,0.0,0.0
split3,2022-09-09,3,1000002,oe,100,20,big,Softmax,0.9061177375913813,0.885144054889679,0.8703458309173584,0.7101494073867798,0.8320370316505432,0.323970764875412,0.4313197433948517,0.9134282469749451,0.6417853236198425,1.0,0.9999998807907104,0.9999482035636902,0.9999825954437256,0.0,0.0,0.0,0.0
split3,2022-09-09,4,1000003,oe,100,20,big,Softmax,0.9107348980377068,0.8741130828857422,0.8954018354415894,0.6967827081680298,0.8334916830062866,0.3836090862751007,0.308580219745636,0.9234321117401123,0.6487110257148743,1.0,1.0,0.99991375207901,0.9999712109565735,0.0,0.0,0.00045454545761458576,0.0
split3,2022-09-09,5,1000004,oe,100,20,big,Softmax,0.9149672951135052,0.8924151659011841,0.8816125988960266,0.691935658454895,0.8338108062744141,0.3124278485774994,0.3516737222671509,0.9268949627876282,0.6483262777328491,1.0,1.0,0.999883770942688,0.999961256980896,0.0,0.0,0.00045454545761458576,0.0
split3,2022-09-09,1,1000000,vanilla,100,20,big,Softmax,0.9199692189303579,0.8971970081329346,0.881259024143219,0.7415056228637695,0.8489401340484619,0.3012697100639343,0.36283186078071594,0.7368218302726746,0.5617545247077942,0.9784897565841675,0.8658967018127441,0.5931341052055359,0.812506914138794,0.11909090727567673,0.5881817936897278,0.8431817889213562,0.7363636493682861
split3,2022-09-09,2,1000001,vanilla,100,20,big,Softmax,0.9191996921893035,0.9007308483123779,0.8954045176506042,0.7821341753005981,0.8664494156837463,0.26510196924209595,0.29395920038223267,0.6664101481437683,0.4440169334411621,0.9820855855941772,0.8979165554046631,0.6178519129753113,0.8326180577278137,0.08909090608358383,0.5586363673210144,0.824999988079071,0.7077272534370422
split3,2022-09-09,3,1000002,vanilla,100,20,big,Softmax,0.9215082724124664,0.8948610424995422,0.8900076746940613,0.7286783456802368,0.8477736115455627,0.3232012391090393,0.3424394130706787,0.8864948153495789,0.5659869313240051,0.9644597768783569,0.9430446028709412,0.6276018023490906,0.8450354337692261,0.24500000476837158,0.3700000047683716,0.8327272534370422,0.7022727131843567
split3,2022-09-09,4,1000003,vanilla,100,20,big,Softmax,0.9122739515198153,0.8773362636566162,0.8796412348747253,0.7587889432907104,0.8458433151245117,0.32474029064178467,0.39168912172317505,0.7272027730941772,0.5286648869514465,0.979728639125824,0.9018901586532593,0.5956077575683594,0.8257421851158142,0.10499999672174454,0.5181818008422852,0.8659090995788574,0.7518181800842285
split3,2022-09-09,5,1000004,vanilla,100,20,big,Softmax,0.9130434782608695,0.864417314529419,0.8857194781303406,0.7591632008552551,0.8434579372406006,0.3616775572299957,0.36090803146362305,0.7195075154304504,0.5117352604866028,0.9878135323524475,0.9389824867248535,0.6431621313095093,0.8566527962684631,0.05090909078717232,0.39818182587623596,0.8618181943893433,0.7095454335212708
split3,2022-09-10,1,1000000,cutmix,100,20,big,Softmax,0.9261254328587919,0.9384907484054565,0.9198552370071411,0.8179552555084229,0.8988409042358398,0.14736437797546387,0.2854944169521332,0.47979992628097534,0.365140438079834,0.9999375939369202,0.9996717572212219,0.9815923571586609,0.9937339425086975,0.0,0.0,0.11454545706510544,0.007272727321833372
split3,2022-09-10,2,1000001,cutmix,100,20,big,Softmax,0.9280492497114274,0.9444526433944702,0.9226575493812561,0.8275551199913025,0.9046459794044495,0.14544054865837097,0.23355136811733246,0.4332435429096222,0.3316660225391388,0.999967098236084,0.9995490312576294,0.9835836291313171,0.9943665862083435,0.0,0.0,0.10000000149011612,0.006818181835114956
split3,2022-09-10,3,1000002,cutmix,100,20,big,Softmax,0.9261254328587919,0.9351497888565063,0.9015935659408569,0.7951583862304688,0.8847681283950806,0.15967680513858795,0.37052711844444275,0.6467872262001038,0.4490188658237457,0.9999913573265076,0.9995986223220825,0.9695806503295898,0.9897235631942749,0.0,0.0,0.22181817889213562,0.03227272629737854
split3,2022-09-10,4,1000003,cutmix,100,20,big,Softmax,0.9238168526356291,0.9254833459854126,0.888209342956543,0.7876240611076355,0.8743312358856201,0.17237399518489838,0.41169679164886475,0.6360138654708862,0.48557138442993164,0.9985107779502869,0.9996373057365417,0.9880862236022949,0.9954115152359009,0.0,0.0,0.04727272689342499,0.004090908914804459
split3,2022-09-10,5,1000004,cutmix,100,20,big,Softmax,0.9272797229703732,0.9426173567771912,0.9058827757835388,0.7755531072616577,0.8836963772773743,0.15505963563919067,0.3412851095199585,0.7245094180107117,0.47325894236564636,0.9999326467514038,0.9998838901519775,0.9771902561187744,0.9923355579376221,0.0,0.0,0.1486363708972931,0.01272727269679308
split4,2022-09-12,1,1000000,energy,100,20,big,NegativeEnergy,0.9081020255063766,0.8723781704902649,0.8908697366714478,0.7671785354614258,0.8534749150276184,0.5,0.3612152934074402,0.7471867799758911,0.5693923234939575,0.9441290497779846,0.8796781301498413,0.484340101480484,0.7693824768066406,0.1835000067949295,0.44749999046325684,0.9739999771118164,0.8849999904632568
split4,2022-09-10,2,1000001,energy,100,20,big,NegativeEnergy,0.9107276819204801,0.9044001698493958,0.8976786732673645,0.7074981331825256,0.8524860143661499,0.34471118450164795,0.35371342301368713,0.7648162245750427,0.563390851020813,0.9738117456436157,0.9222598671913147,0.6034747958183289,0.8331820964813232,0.08900000154972076,0.34700000286102295,0.909500002861023,0.7879999876022339
split4,2022-09-10,3,1000002,energy,100,20,big,NegativeEnergy,0.9096024006001501,0.884158730506897,0.8872345685958862,0.7131432890892029,0.8426352143287659,0.4632408022880554,0.3705926537513733,0.767816960811615,0.5986496806144714,0.9495741724967957,0.8555887341499329,0.4845215678215027,0.763228178024292,0.1615000069141388,0.5134999752044678,0.9539999961853027,0.8550000190734863
split4,2022-09-10,4,1000003,energy,100,20,big,NegativeEnergy,0.9051012753188297,0.8805245757102966,0.8904440402984619,0.728142499923706,0.846396803855896,0.4377344250679016,0.36909228563308716,0.7629407644271851,0.5558889508247375,0.9610322117805481,0.9056184887886047,0.48818957805633545,0.7849467396736145,0.13650000095367432,0.36399999260902405,0.9760000109672546,0.8974999785423279
split4,2022-09-10,5,1000004,energy,100,20,big,NegativeEnergy,0.9051012753188297,0.8948200345039368,0.8773617148399353,0.7223360538482666,0.8447155952453613,0.37134283781051636,0.39309826493263245,0.746436595916748,0.5645161271095276,0.9629172682762146,0.8920844793319702,0.5045294761657715,0.7865104079246521,0.12950000166893005,0.41600000858306885,0.9904999732971191,0.9265000224113464
split4,2022-09-11,1,1000000,oe,100,20,big,Softmax,0.9096024006001501,0.8549051284790039,0.8917282223701477,0.6624493598937988,0.8215204477310181,0.42198050022125244,0.29182296991348267,0.8323330879211426,0.6676669120788574,1.0,0.9999998807907104,0.9999580383300781,0.9999859929084778,0.0,0.0,0.0,0.0
split4,2022-09-11,2,1000001,oe,100,20,big,Softmax,0.9167291822955739,0.8651746511459351,0.9003771543502808,0.6883000731468201,0.8350370526313782,0.3904726207256317,0.25318828225135803,0.7423105835914612,0.5652663111686707,1.0,1.0,0.9999766945838928,0.9999922513961792,0.0,0.0,0.0,0.0
split4,2022-09-11,3,1000002,oe,100,20,big,Softmax,0.9099774943735934,0.863192617893219,0.903983473777771,0.6875525116920471,0.8355989456176758,0.36571642756462097,0.24756188690662384,0.740060031414032,0.5225056409835815,1.0,0.9999987483024597,0.9999719262123108,0.9999902248382568,0.0,0.0,0.0,0.0
split4,2022-09-11,4,1000003,oe,100,20,big,Softmax,0.9133533383345837,0.8712916374206543,0.8983497619628906,0.7096068859100342,0.8416936993598938,0.3694673776626587,0.2554388642311096,0.7831957936286926,0.5450112819671631,1.0,1.0,0.9999644756317139,0.9999882578849792,0.0,0.0,0.0,0.0
split4,2022-09-11,5,1000004,oe,100,20,big,Softmax,0.9118529632408102,0.8792580962181091,0.8926534652709961,0.6931144595146179,0.8380804061889648,0.36534133553504944,0.27981996536254883,0.7655664086341858,0.5645161271095276,0.9999999403953552,1.0,0.9999776482582092,0.9999926090240479,0.0,0.0,0.0,0.0
split4,2022-09-11,1,1000000,vanilla,100,20,big,Softmax,0.9268567141785446,0.853264331817627,0.917651891708374,0.7034399509429932,0.84156334400177,0.48424607515335083,0.24156038463115692,0.8053263425827026,0.5881470441818237,0.9465217590332031,0.8932064175605774,0.460391640663147,0.7667065858840942,0.3790000081062317,0.5774999856948853,0.9775000214576721,0.9114999771118164
split4,2022-09-11,2,1000001,vanilla,100,20,big,Softmax,0.917854463615904,0.8356786370277405,0.9275548458099365,0.6954111456871033,0.8373622894287109,0.6091523170471191,0.18642160296440125,0.7295573949813843,0.5956488847732544,0.9845143556594849,0.9269513487815857,0.535050094127655,0.8155052661895752,0.07100000232458115,0.4404999911785126,0.921999990940094,0.8109999895095825
split4,2022-09-11,3,1000002,vanilla,100,20,big,Softmax,0.9238559639909978,0.8537694215774536,0.9235450625419617,0.6851609349250793,0.8395276069641113,0.48574644327163696,0.19579894840717316,0.7475618720054626,0.5731433033943176,0.9785937070846558,0.9201521277427673,0.4747491478919983,0.7911649942398071,0.12600000202655792,0.45649999380111694,0.9815000295639038,0.9039999842643738
split4,2022-09-11,4,1000003,vanilla,100,20,big,Softmax,0.9234808702175544,0.8663736581802368,0.9282748103141785,0.7116444110870361,0.852451741695404,0.45086270570755005,0.20030006766319275,0.6845461130142212,0.5431357622146606,0.9723894596099854,0.9165716767311096,0.5361748337745667,0.8083786964416504,0.1914999932050705,0.4819999933242798,0.9514999985694885,0.828000009059906
split4,2022-09-11,5,1000004,vanilla,100,20,big,Softmax,0.9212303075768942,0.8551749587059021,0.9216299653053284,0.6890124082565308,0.840216338634491,0.5536383986473083,0.2228057086467743,0.7595648765563965,0.5945236086845398,0.9671006798744202,0.9166076183319092,0.4671840965747833,0.7836307883262634,0.23149999976158142,0.48350000381469727,0.965499997138977,0.8759999871253967
split4,2022-09-12,1,1000000,cutmix,100,20,big,Softmax,0.9354838709677419,0.9442353248596191,0.9527939558029175,0.804209291934967,0.9126523733139038,0.1594148576259613,0.12903225421905518,0.46474117040634155,0.3049512505531311,0.9999896883964539,0.9998303651809692,0.9780231714248657,0.9926143884658813,0.0,0.0,0.14749999344348907,0.013000000268220901
split4,2022-09-12,2,1000001,cutmix,100,20,big,Softmax,0.9392348087021756,0.9433345198631287,0.9516928195953369,0.8040461540222168,0.9118558168411255,0.1582895666360855,0.1305326372385025,0.4283570945262909,0.30907726287841797,0.9999890923500061,0.9997657537460327,0.9841307401657104,0.9946285486221313,0.0,0.0,0.0925000011920929,0.006000000052154064
split4,2022-09-12,3,1000002,cutmix,100,20,big,Softmax,0.9328582145536384,0.9445386528968811,0.9577147364616394,0.827900230884552,0.920649528503418,0.16354088485240936,0.1050262600183487,0.3833458423614502,0.27531883120536804,0.9999927282333374,0.9996908903121948,0.9798605442047119,0.9931814670562744,0.0,0.0,0.12800000607967377,0.008500000461935997
split4,2022-09-12,4,1000003,cutmix,100,20,big,Softmax,0.9396099024756189,0.9473035931587219,0.9515753984451294,0.8114134073257446,0.9150397777557373,0.16429106891155243,0.14853712916374207,0.4583646059036255,0.3199549913406372,0.9999927282333374,0.9997111558914185,0.9676768779754639,0.9891269207000732,0.0,0.0,0.2639999985694885,0.01899999938905239
split4,2022-09-12,5,1000004,cutmix,100,20,big,Softmax,0.9351087771942985,0.9555454850196838,0.9576054811477661,0.7963315844535828,0.9165660738945007,0.12378094345331192,0.11102775484323502,0.4714928865432739,0.3083270788192749,0.9999796152114868,0.9994561076164246,0.9795371890068054,0.9929909706115723,0.0,0.0,0.13650000095367432,0.007499999832361937
split3,2022-09-12,1,1000000,oe,100,20,big,softmax_temp,0.9041939207387457,0.8903871774673462,0.8907553553581238,0.6151044964790344,0.8154439330101013,0.42824164032936096,0.373989999294281,0.9484416842460632,0.8099268674850464,1.0,0.9999998807907104,0.9999065399169922,0.9999688863754272,0.0,0.0,0.0009090909152291715,0.0
split3,2022-09-12,2,1000001,oe,100,20,big,softmax_temp,0.9088110811850711,0.882049560546875,0.8696410059928894,0.6143177151679993,0.8045194745063782,0.41862255334854126,0.48941901326179504,0.9749903678894043,0.8253174424171448,1.0,0.9999999403953552,0.9999561905860901,0.99998539686203,0.0,0.0,0.0,0.0
split3,2022-09-12,3,1000002,oe,100,20,big,softmax_temp,0.9061177375913813,0.8831437230110168,0.8745898008346558,0.622542679309845,0.8089601993560791,0.4124663472175598,0.44247788190841675,0.9503655433654785,0.8099268674850464,0.9999999403953552,0.9999998807907104,0.9999544620513916,0.9999848008155823,0.0,0.0,0.0,0.0
split3,2022-09-12,4,1000003,oe,100,20,big,softmax_temp,0.9107348980377068,0.8827070593833923,0.9043928980827332,0.6135087013244629,0.8171751499176025,0.44170835614204407,0.33012697100639343,0.9415159821510315,0.8330127000808716,1.0,0.9999998211860657,0.9999397993087769,0.9999799132347107,0.0,0.0,0.00045454545761458576,0.0
split3,2022-09-12,5,1000004,oe,100,20,big,softmax_temp,0.9149672951135052,0.9010772705078125,0.8971188068389893,0.5777969360351562,0.8114705085754395,0.3632166087627411,0.33589842915534973,0.9784532785415649,0.874182403087616,1.0,0.9999997615814209,0.9999244213104248,0.99997478723526,0.0,0.0,0.00045454545761458576,0.0
split4,2022-09-12,1,1000000,oe,100,20,big,softmax_temp,0.9096024006001501,0.8846527934074402,0.8890549540519714,0.6077283620834351,0.8171825408935547,0.3972243070602417,0.3334583640098572,0.9264816045761108,0.7786946892738342,0.9999999403953552,1.0,0.9999634027481079,0.9999878406524658,0.0,0.0,0.0,0.0
split4,2022-09-12,2,1000001,oe,100,20,big,softmax_temp,0.9167291822955739,0.9025407433509827,0.8918245434761047,0.6502686142921448,0.835186243057251,0.3349587321281433,0.35408851504325867,0.8462115526199341,0.6759189963340759,1.0,0.9999999403953552,0.9999817609786987,0.9999939203262329,0.0,0.0,0.0,0.0
split4,2022-09-12,3,1000002,oe,100,20,big,softmax_temp,0.9099774943735934,0.885412871837616,0.8803364038467407,0.6269606351852417,0.8187692165374756,0.408852219581604,0.36084020137786865,0.886721670627594,0.6879220008850098,1.0,0.9999997615814209,0.9999760985374451,0.9999919533729553,0.0,0.0,0.0,0.0
split4,2022-09-12,4,1000003,oe,100,20,big,softmax_temp,0.9133533383345837,0.9053196310997009,0.8729149103164673,0.6489883661270142,0.8282749652862549,0.323330819606781,0.44036009907722473,0.8758439421653748,0.7048012018203735,0.9999998807907104,0.9999992847442627,0.9999741315841675,0.9999910593032837,0.0,0.0,0.0,0.0
split4,2022-09-12,5,1000004,oe,100,20,big,softmax_temp,0.9118529632408102,0.906434953212738,0.8882238864898682,0.6418503522872925,0.8330044746398926,0.33083271980285645,0.3289572298526764,0.872468113899231,0.6597899198532104,0.9999999403953552,1.0000001192092896,0.9999821186065674,0.9999940395355225,0.0,0.0,0.0,0.0
split2,2022-09-13,1,1000000,ternary,100,20,big,Softmax,0.9264816204051013,0.9590702652931213,0.8577494621276855,0.829934298992157,0.89778071641922,0.11327832192182541,0.569767415523529,0.36909228563308716,0.3484621047973633,0.9967613220214844,0.9964266419410706,0.9355074763298035,0.9762318134307861,0.012500000186264515,0.013500000350177288,0.4090000092983246,0.14949999749660492
split2,2022-09-13,2,1000001,ternary,100,20,big,Softmax,0.9298574643660915,0.9586212635040283,0.8617839217185974,0.7590466737747192,0.8848133087158203,0.11815454065799713,0.49962490797042847,0.6440359950065613,0.5015003681182861,0.7809203863143921,0.8996027112007141,0.9229487180709839,0.8678238391876221,0.7994999885559082,0.656000018119812,0.4909999966621399,0.7039999961853027
split2,2022-09-13,3,1000002,ternary,100,20,big,Softmax,0.9253563390847712,0.9519737958908081,0.8465999960899353,0.8037391901016235,0.8854461312294006,0.1305326372385025,0.6541635394096375,0.4801200330257416,0.4827456772327423,0.9847680330276489,0.9604612588882446,0.9265244007110596,0.957251250743866,0.09849999845027924,0.24449999630451202,0.44999998807907104,0.27900001406669617
split2,2022-09-13,4,1000003,ternary,100,20,big,Softmax,0.9306076519129782,0.9559014439582825,0.8017321228981018,0.7698128819465637,0.8647244572639465,0.12265566736459732,0.9051012992858887,0.6639159917831421,0.6369092464447021,0.6693083047866821,0.7483657598495483,0.8935058116912842,0.7703933715820312,0.7434999942779541,0.7360000014305115,0.5565000176429749,0.7135000228881836
split2,2022-09-13,5,1000004,ternary,100,20,big,Softmax,0.9294823705926482,0.955471396446228,0.8684422969818115,0.8339614868164062,0.9007092118263245,0.12678170204162598,0.5232558250427246,0.39197298884391785,0.38259565830230713,0.9987204074859619,0.9991788864135742,0.9469141960144043,0.9816046953201294,0.0035000001080334187,0.0005000000237487257,0.34950000047683716,0.10700000077486038
split2,2022-09-14,1,1000000,quad,100,20,big,Softmax,0.9298574643660915,0.9697579145431519,0.8970750570297241,0.8204978704452515,0.9144668579101562,0.07614403963088989,0.330082505941391,0.4159789979457855,0.34358590841293335,0.999924898147583,0.9994352459907532,0.9896227717399597,0.9963276386260986,0.0,0.0,0.050999999046325684,0.005499999970197678
split2,2022-09-14,2,1000001,quad,100,20,big,Softmax,0.9227306826706677,0.9633442163467407,0.885165274143219,0.7887452840805054,0.9010618329048157,0.1166541650891304,0.37021756172180176,0.5011252760887146,0.39084771275520325,0.9999086260795593,0.9998407959938049,0.9850568175315857,0.9949353933334351,0.0,0.0,0.07750000059604645,0.004999999888241291
split2,2022-09-14,3,1000002,quad,100,20,big,Softmax,0.9257314328582146,0.9677635431289673,0.8750364184379578,0.7552086710929871,0.8927980661392212,0.08252062648534775,0.4943735897541046,0.7025506496429443,0.5262565612792969,0.9999073147773743,0.9994411468505859,0.9740539193153381,0.9911341667175293,0.0,0.0,0.18299999833106995,0.024000000208616257
split2,2022-09-14,4,1000003,quad,100,20,big,Softmax,0.9204801200300075,0.9586309194564819,0.8637742400169373,0.7609888315200806,0.8859027028083801,0.10877719521522522,0.5495123863220215,0.6534133553504944,0.5172542929649353,0.9999373555183411,0.9998177289962769,0.9926123023033142,0.9974558353424072,0.0,0.0,0.019500000402331352,0.0024999999441206455
split2,2022-09-14,5,1000004,quad,100,20,big,Softmax,0.9268567141785446,0.9630258083343506,0.8488760590553284,0.8074920177459717,0.8919665813446045,0.09902475774288177,0.6061515212059021,0.5120030045509338,0.48574644327163696,0.9999864101409912,0.9998167753219604,0.9840482473373413,0.9946171641349792,0.0,0.0,0.0820000022649765,0.006000000052154064
split3,2022-09-15,1,1000000,ternary,100,20,big,Softmax,0.929588303193536,0.9361870288848877,0.9133625626564026,0.77501380443573,0.8839308023452759,0.19622932374477386,0.33512890338897705,0.7745286822319031,0.45786839723587036,0.9324830770492554,0.9591850638389587,0.9373918771743774,0.9430199265480042,0.3431818187236786,0.2390909045934677,0.4031818211078644,0.3245454430580139
split3,2022-09-15,2,1000001,ternary,100,20,big,Softmax,0.9215082724124664,0.9356420040130615,0.9183309078216553,0.7906054258346558,0.8897916674613953,0.16352443397045135,0.2081569880247116,0.6698729991912842,0.4536360204219818,0.8732103109359741,0.959695041179657,0.9438363313674927,0.925580620765686,0.47545453906059265,0.23181818425655365,0.32863637804985046,0.38181817531585693
split3,2022-09-15,3,1000002,ternary,100,20,big,Softmax,0.9245863793766833,0.9191367030143738,0.9023391008377075,0.811863899230957,0.8837722539901733,0.26894959807395935,0.34282416105270386,0.4590227007865906,0.40207773447036743,0.8058710694313049,0.8018473386764526,0.8784402012825012,0.8287194967269897,0.5813636183738708,0.5990909337997437,0.5618181824684143,0.5813636183738708
split3,2022-09-15,4,1000003,ternary,100,20,big,Softmax,0.9242016160061562,0.9332417249679565,0.8522816896438599,0.7997909188270569,0.8674060106277466,0.17506733536720276,0.6383224129676819,0.5636783242225647,0.5390534996986389,0.957570493221283,0.9414845705032349,0.924795925617218,0.9412835836410522,0.19590909779071808,0.3163636326789856,0.442727267742157,0.32227271795272827
split3,2022-09-15,5,1000004,ternary,100,20,big,Softmax,0.9257406694882647,0.947417140007019,0.9033193588256836,0.8163058757781982,0.8956239223480225,0.15967680513858795,0.3901500701904297,0.5278953313827515,0.4182377755641937,0.9606972336769104,0.9616468548774719,0.914601743221283,0.9456486105918884,0.21772727370262146,0.25999999046325684,0.49636363983154297,0.3254545331001282
split3,2022-09-16,1,1000000,quad,100,20,big,Softmax,0.9207387456714121,0.9428020715713501,0.9051808714866638,0.7837162017822266,0.885734498500824,0.1612158566713333,0.3001154363155365,0.7052712440490723,0.45786839723587036,0.9999520778656006,0.9996047019958496,0.986516535282135,0.9953576922416687,0.0,0.00045454545761458576,0.06272727251052856,0.009545454755425453
split3,2022-09-16,2,1000001,quad,100,20,big,Softmax,0.9218930357829934,0.9469665288925171,0.9192242622375488,0.7520020604133606,0.883706271648407,0.1265871524810791,0.2320123165845871,0.8445556163787842,0.46556368470191956,0.9999120235443115,0.9998893737792969,0.9853401184082031,0.9950471520423889,0.0,0.0,0.05772727355360985,0.01227272767573595
split3,2022-09-16,3,1000002,quad,100,20,big,Softmax,0.9288187764524817,0.9401218295097351,0.9103649854660034,0.824785590171814,0.8978458046913147,0.15082724392414093,0.3105040490627289,0.47826087474823,0.3843786120414734,0.9999590516090393,0.9998375773429871,0.9752618074417114,0.9916861057281494,0.0,0.0,0.13636364042758942,0.022727273404598236
split3,2022-09-16,4,1000003,quad,100,20,big,Softmax,0.9292035398230089,0.9230695366859436,0.9310916662216187,0.7861857414245605,0.8886547088623047,0.17699114978313446,0.22777990996837616,0.5986918210983276,0.3951519727706909,0.9937566518783569,0.9987279176712036,0.9801076054573059,0.990864098072052,0.01772727258503437,0.0013636363437399268,0.10681818425655365,0.02863636426627636
split3,2022-09-16,5,1000004,quad,100,20,big,Softmax,0.923432089265102,0.9510576128959656,0.9011355042457581,0.813827395439148,0.8954777121543884,0.13582147657871246,0.3901500701904297,0.5105810165405273,0.42323970794677734,0.9998304843902588,0.9996715784072876,0.9784722328186035,0.9926581382751465,0.00045454545761458576,0.00045454545761458576,0.13090908527374268,0.01727272756397724
split4,2022-09-17,1,1000000,ternary,100,20,big,Softmax,0.9362340585146287,0.9256539344787598,0.950624942779541,0.8142411708831787,0.9077891707420349,0.25468868017196655,0.1489122211933136,0.39984995126724243,0.30420103669166565,0.9183812737464905,0.9323015213012695,0.891739010810852,0.9141406416893005,0.3765000104904175,0.3675000071525574,0.5389999747276306,0.421999990940094
split4,2022-09-17,2,1000001,ternary,100,20,big,Softmax,0.9399849962490623,0.9038141369819641,0.9505321383476257,0.8058146238327026,0.898001492023468,0.42685672640800476,0.15041260421276093,0.44186046719551086,0.3904726207256317,0.8945115804672241,0.867679238319397,0.8988596200942993,0.8870168328285217,0.4959999918937683,0.5724999904632568,0.5015000104904175,0.531000018119812
split4,2022-09-17,3,1000002,ternary,100,20,big,Softmax,0.9354838709677419,0.8927172422409058,0.9541476964950562,0.8355464935302734,0.9029967188835144,0.5168792009353638,0.11215303838253021,0.3443360924720764,0.330082505941391,0.9922314286231995,0.9793137907981873,0.9279502630233765,0.9664984941482544,0.02250000089406967,0.11999999731779099,0.47049999237060547,0.2345000058412552
split4,2022-09-17,4,1000003,ternary,100,20,big,Softmax,0.932483120780195,0.9416378736495972,0.9441232085227966,0.8240307569503784,0.9132301807403564,0.1755438894033432,0.16991747915744781,0.42798200249671936,0.29407352209091187,0.994377851486206,0.9919590950012207,0.9517884850502014,0.9793751835823059,0.00800000037997961,0.023499999195337296,0.33399999141693115,0.12600000202655792
split4,2022-09-17,5,1000004,ternary,100,20,big,Softmax,0.9399849962490623,0.8785384297370911,0.953946590423584,0.8253012895584106,0.8953924179077148,0.5742685794830322,0.10465116053819656,0.40810203552246094,0.4133533239364624,0.9087448716163635,0.9108949899673462,0.9152348637580872,0.9116249680519104,0.5239999890327454,0.5170000195503235,0.5460000038146973,0.5274999737739563
split4,2022-09-19,1,1000000,quad,100,20,big,Softmax,0.9321080270067517,0.9343243837356567,0.9504621624946594,0.8279688954353333,0.9141906499862671,0.20480120182037354,0.11965491622686386,0.4144786298274994,0.27756938338279724,0.9998401403427124,0.9994804859161377,0.9904512763023376,0.9965907335281372,0.0005000000237487257,0.0005000000237487257,0.03400000184774399,0.007000000216066837
split4,2022-09-19,2,1000001,quad,100,20,big,Softmax,0.9287321830457614,0.9534096121788025,0.9513728022575378,0.8410394191741943,0.9245023131370544,0.13128282129764557,0.12603150308132172,0.3660915195941925,0.2565641403198242,0.9996662139892578,0.9997732639312744,0.9892939329147339,0.9962444305419922,0.001500000013038516,0.0010000000474974513,0.04450000077486038,0.006500000134110451
split4,2022-09-19,3,1000002,quad,100,20,big,Softmax,0.9291072768192048,0.9326819181442261,0.9563513398170471,0.8047749996185303,0.9101728796958923,0.2576894164085388,0.11852963268756866,0.45311328768730164,0.3334583640098572,0.9997001886367798,0.9995445013046265,0.9882956147193909,0.9958469271659851,0.0,0.0,0.0560000017285347,0.00800000037997961
split4,2022-09-19,4,1000003,quad,100,20,big,Softmax,0.9253563390847712,0.9620218276977539,0.9580363631248474,0.8242213129997253,0.9259775280952454,0.10540135204792023,0.09827456623315811,0.3870967626571655,0.27644410729408264,0.9998270869255066,0.9999195337295532,0.991326630115509,0.9970244765281677,0.0,0.0,0.03400000184774399,0.0044999998062849045
split4,2022-09-19,5,1000004,quad,100,20,big,Softmax,0.9317329332333083,0.9303478002548218,0.958036482334137,0.8013308048248291,0.9091689586639404,0.2565641403198242,0.11477869749069214,0.4714928865432739,0.3499625027179718,0.9998844265937805,0.9997971057891846,0.9786409139633179,0.9927741289138794,0.0,0.0,0.12950000166893005,0.010999999940395355
split1,2022-11-03,1,1000000,energy,100,20,big,NegativeEnergy,0.9160971905846621,0.9122299551963806,0.7972337007522583,0.7258455157279968,0.8240446448326111,0.3610478341579437,0.7505694627761841,0.8496583104133606,0.6871678233146667,0.8437290191650391,0.7735081911087036,0.39130982756614685,0.6695157289505005,0.357619047164917,0.5299999713897705,0.9714285731315613,0.9109523892402649
split1,2022-11-03,2,1000001,energy,100,20,big,NegativeEnergy,0.9123006833712984,0.8967611789703369,0.7862592935562134,0.7396902441978455,0.8172672986984253,0.39787396788597107,0.8602885603904724,0.787015974521637,0.7418375015258789,0.8785133361816406,0.8039388656616211,0.3373464345932007,0.6732662320137024,0.30047619342803955,0.5414285659790039,0.989047646522522,0.9466666579246521
split1,2022-11-03,3,1000002,energy,100,20,big,NegativeEnergy,0.9130599848139711,0.9051133990287781,0.8106619715690613,0.7223166227340698,0.8256088495254517,0.3876233994960785,0.6940014958381653,0.7786636352539062,0.6795747876167297,0.8847289085388184,0.7616976499557495,0.4240466356277466,0.6901577115058899,0.2695237994194031,0.5547618865966797,0.9466666579246521,0.8528571724891663
split1,2022-11-03,4,1000003,energy,100,20,big,NegativeEnergy,0.9062262718299164,0.908099889755249,0.8088586926460266,0.7518770098686218,0.8330978155136108,0.3777524530887604,0.7319666147232056,0.7376613616943359,0.6431283354759216,0.7386425137519836,0.6996932625770569,0.2963466942310333,0.5782275199890137,0.5066666603088379,0.6166666746139526,0.9795238375663757,0.9266666769981384
split1,2022-11-03,5,1000004,energy,100,20,big,NegativeEnergy,0.9111617312072893,0.8999124765396118,0.7944533228874207,0.7377148866653442,0.8211191296577454,0.40888383984565735,0.702353835105896,0.7425968050956726,0.6480637788772583,0.8290873765945435,0.750152051448822,0.3824926018714905,0.6539106369018555,0.3766666650772095,0.6147618889808655,0.9823809266090393,0.916190505027771
